Month,Questions,Answers
2021-01,139827,184409
2021-02,131627,170729
2021-03,148706,188791
2021-04,135825,173615
2021-05,133745,172978
2021-06,128926,166841
2021-07,123935,160955
2021-08,122044,160122
2021-09,119734,157658
2021-10,118814,154454
2021-11,119021,150633
2021-12,112078,145099
2022-01,119214,154245
2022-02,113746,144821
2022-03,123276,153550
2022-04,114000,144662
2022-05,115938,147293
2022-06,111220,143130
2022-07,110626,143501
2022-08,112632,148205
2022-09,103508,138295
2022-10,105798,137381
2022-11,109149,139278
2022-12,96194,123729
2023-01,96637,126187
2023-02,85580,110839
2023-03,87146,113412
2023-04,68387,87233
2023-05,66343,85735
2023-06,63527,80575
2023-07,62598,80442
2023-08,59953,78498
2023-09,52687,70202
2023-10,52341,70010
2023-11,50285,66513
2023-12,42289,56649
2024-01,47577,64368
2024-02,45936,61198
2024-03,44720,60426
2024-04,42369,56728
2024-05,40026,55104
2024-06,31938,45227
2024-07,31440,45979
2024-08,27785,42583
2024-09,24738,37684
2024-10,23167,36697
2024-11,20812,32919
2024-12,17924,28080
2025-01,18183,29322
2025-02,15505,25802
2025-03,15075,24645
2025-04,11393,19483
2025-05,9648,16639
2025-06,7752,13359
2025-07,6623,12518
2025-08,5022,10062
2025-09,5668,9483
2025-10,5331,8892
2025-11,5364,10092
2025-12,4195,8181
